<?xml version="1.0" encoding="UTF-8"?>
<!DOCTYPE c3p0-config >
<c3p0-config>
	<!-- 这是默认配置信息 -->
	<default-config> 
		<!-- 连接四大参数配置 -->
		<property name="jdbcUrl">jdbc:mysql://localhost:3306/customers</property>
		<property name="driverClass">com.mysql.jdbc.Driver</property>
		<property name="user">root</property>
		<property name="password">123</property>
		
		<!-- 池参数配置 -->
		<property name="acquireIncrement">300</property>
		<property name="initialPoolSize">500</property>
		<property name="minPoolSize">2</property>
		<property name="maxPoolSize">500</property>
	</default-config>

</c3p0-config>